{
  "t_statistic": 9.388924642623955,
  "t_pvalue": 1.2262307583757954e-20,
  "chi2_statistic": 321.7993061636692,
  "chi2_pvalue": 1.3248555408867533e-70,
  "roc_auc": 0.6713824320061637
}